sell_id,price
1099427284,642500.0
1096405886,2562500.0
1100195294,617500.0
1099827282,487500.0
1100076198,2670000.0
1090159352,2970000.0
1098987386,1547500.0
1098639040,1317500.0
1099933039,1022500.0
1099565572,510000.0
1099886384,790000.0
1099368814,400000.0
1100258220,745000.0
1100031980,967500.0
1096128862,1127500.0
1099201856,472500.0
1100069204,765000.0
1100166212,2120000.0
1099422504,870000.0
1094044520,4027500.0
1097839332,490000.0
1098849394,3922500.0
1100089736,1540000.0
1100012500,6647500.0
1100128318,2655000.0
1099842916,4402500.0
1092119682,387500.0
1100214098,527500.0
1098605890,915000.0
1100150544,1712500.0
1100019116,6275000.0
1099721446,1045000.0
1100130492,410000.0
1083039490,1645000.0
1100177694,870000.0
1100062552,3132500.0
1096561646,752500.0
1099890274,1517500.0
1099057118,1372500.0
1093583786,1225000.0
1100140056,1655000.0
1099685496,1482500.0
1099042586,2100000.0
1098618840,1380000.0
1100095520,3440000.0
1100112830,1402500.0
1077604267,1600000.0
1097414603,730000.0
1100173040,1695000.0
1098466772,717500.0
1099881458,620000.0
1099856322,1337500.0
1083580587,660000.0
1099751676,865000.0
1094394870,745000.0
1093144596,3057500.0
1100099276,952500.0
1099408382,737500.0
1100088104,2172500.0
1047185026,1397500.0
1099870252,1195000.0
1098567252,1017500.0
1085436332,385000.0
1100136230,1565000.0
1097862496,1292500.0
1099969146,7265000.0
1099976830,1407500.0
1099930109,4062500.0
1098612188,1427500.0
1095091964,5827500.0
1099783808,6382500.0
1100050570,1160000.0
1100051590,3832500.0
1099626654,5247500.0
1093763508,7652500.0
1087388048,1300000.0
1100182624,490000.0
1099345640,530000.0
1095736482,727500.0
1100156962,3370000.0
1001403361,1020000.0
1100254912,2150000.0
1088721444,762500.0
1098423266,1015000.0
1099361748,5472500.0
1097911468,950000.0
1095355398,675000.0
1092508710,2227500.0
1098618784,3080000.0
1100141098,1077500.0
1083735735,2645000.0
1100129226,1722500.0
1099874414,657500.0
1095459600,3610000.0
1098977612,530000.0
1100263286,1855000.0
1099359460,1535000.0
1099849396,2035000.0
1099741426,2867500.0
1099881014,1710000.0
1099661628,6037500.0
1098205732,462500.0
1096030170,717500.0
1097895200,3760000.0
1099036546,2782500.0
1100263746,1445000.0
1097562206,1070000.0
1099996760,2095000.0
1096606948,795000.0
1097338988,3342500.0
1090272306,2720000.0
1096396090,1110000.0
1100068146,2017500.0
1034145469,830000.0
1100118814,547500.0
1098511932,3957500.0
1098854776,5520000.0
1100044358,2895000.0
1098998202,675000.0
1099650844,1377500.0
1100119218,775000.0
1099949056,5450000.0
1100236724,2980000.0
1098391704,1000000.0
1094637690,370000.0
1093539954,1657500.0
1098017782,377500.0
1100140582,982500.0
1098776926,645000.0
1093050534,337500.0
1100193314,2295000.0
1100015404,3290000.0
1098163872,3227500.0
1099325458,952500.0
1091433330,1260000.0
1100214542,947500.0
1096720474,667500.0
1091800948,595000.0
1100140994,1372500.0
1097450658,885000.0
1100023524,2835000.0
1096392102,822500.0
1097681922,1142500.0
1098793174,1810000.0
1089318628,1630000.0
1091196932,742500.0
1100006942,942500.0
1100171464,1377500.0
1099438018,5927500.0
1091998274,3735000.0
1088751788,2535000.0
1098823408,732500.0
1099955174,2725000.0
1099996934,1687500.0
1099067938,1550000.0
1100110756,1572500.0
1073075616,1292500.0
1099777954,3697500.0
1099024044,1095000.0
1033486211,697500.0
1099604288,507500.0
1099514392,2382500.0
1096551360,567500.0
1099947966,1557500.0
1099742748,2320000.0
1099716406,3627500.0
1099530956,515000.0
1095291456,872500.0
1099219040,730000.0
1099894684,505000.0
1098792998,1317500.0
1099709106,1082500.0
1096325396,1050000.0
1098575602,615000.0
1099217802,520000.0
1100147766,2245000.0
1099526918,4105000.0
1100107714,2677500.0
1100016506,432500.0
1100207154,1035000.0
1100190494,3180000.0
1100115178,2502500.0
1099201830,840000.0
1100019112,2602500.0
1100178434,872500.0
1099096722,1090000.0
1099213222,525000.0
1100181462,2077500.0
1098878776,1072500.0
1100126074,720000.0
1099996800,1170000.0
1099795512,680000.0
1099718646,2437500.0
1099616302,662500.0
1099983558,862500.0
1100219086,2665000.0
1100039702,557500.0
1096739576,917500.0
1098765988,1622500.0
1099608946,3547500.0
1099256536,500000.0
1094503952,1690000.0
1099589714,1340000.0
1099741186,1025000.0
1100168572,6157500.0
1095766038,1375000.0
1095814296,840000.0
1097275066,840000.0
1099850398,10135000.0
1100036468,1017500.0
1090326530,1857500.0
1098729528,882500.0
1099731574,795000.0
1098636496,807500.0
1100083460,525000.0
1099931425,1450000.0
1099591816,1032500.0
1095144452,1700000.0
1100052004,4160000.0
1099976446,1105000.0
1099358486,2242500.0
1100035476,2380000.0
1100026588,577500.0
1097112168,1557500.0
1091119226,535000.0
1100011288,2120000.0
1087406218,1067500.0
1095666484,500000.0
1093389008,1367500.0
1100175770,1632500.0
1096315314,1610000.0
1097428934,2017500.0
1099679102,982500.0
1099955040,11242500.0
1099624874,1400000.0
1090410984,512500.0
1100082380,507500.0
1099659692,665000.0
1099828238,1497500.0
1095278718,417500.0
1091995140,2020000.0
1092432196,7222500.0
1099153198,1245000.0
1099427346,1785000.0
1094979108,1112500.0
1098515080,1290000.0
1098797728,480000.0
1095517382,1280000.0
1099913770,957500.0
1098668786,1462500.0
1084060647,602500.0
1099054900,867500.0
1099228048,1197500.0
1098857316,990000.0
1099540482,6617500.0
1095807324,592500.0
1099523644,795000.0
1099617766,1585000.0
1099790664,6025000.0
1100076402,3147500.0
1098497606,3062500.0
1099852714,3137500.0
1100011490,2210000.0
1100130494,3365000.0
1099461150,4540000.0
1099719376,360000.0
1099939636,887500.0
1099867658,1320000.0
1098489086,2560000.0
1099121741,3760000.0
1098869652,2860000.0
1100179462,1450000.0
1100163538,1322500.0
1099936831,1125000.0
1100163090,2047500.0
1099802870,480000.0
1092530058,525000.0
1099635774,1085000.0
1100087722,4042500.0
1099720124,3610000.0
1099868280,2315000.0
1100177760,935000.0
1096955344,520000.0
1100170308,4852500.0
1094940966,970000.0
1100217490,1087500.0
1099605866,1277500.0
1100036102,1215000.0
1086522998,4822500.0
1100203314,1757500.0
1100179484,4000000.0
1098386662,1967500.0
1099668762,3505000.0
1098337796,517500.0
1100000208,690000.0
1098704214,3120000.0
1100107176,1160000.0
1100051726,1207500.0
1099902866,885000.0
1099685882,1780000.0
1089675903,2017500.0
1094124060,2275000.0
1099810908,1872500.0
1095366634,1375000.0
1097026930,1007500.0
1098168148,1552500.0
1100010786,770000.0
1097587290,447500.0
1100270492,4670000.0
1097114166,2150000.0
1099946618,1642500.0
1100150116,852500.0
1099511080,2675000.0
1098515156,3180000.0
1095531026,1767500.0
1098765740,542500.0
1073210886,862500.0
1099107393,2312500.0
1099309688,677500.0
1099523410,667500.0
1098535192,462500.0
1099176970,1027500.0
1099865174,6655000.0
1093927466,1682500.0
1099404806,1405000.0
1100242104,1452500.0
1098646184,1717500.0
1099135368,2332500.0
1083881609,610000.0
1095492272,727500.0
1098214966,2595000.0
1098939698,1242500.0
1100182344,850000.0
1098445034,1607500.0
1099617840,3307500.0
1099927194,1182500.0
1096282944,1430000.0
1100021468,885000.0
1100147154,1247500.0
1088558518,1912500.0
1100034732,795000.0
1035065663,880000.0
1093680396,2152500.0
1098854998,852500.0
1099462314,2392500.0
1097990014,3347500.0
1100150772,2512500.0
1100203554,2245000.0
1099511896,2755000.0
1075513009,545000.0
1099863118,1285000.0
1085148244,1600000.0
1100191510,2450000.0
1092873364,1725000.0
1100013986,2750000.0
1091392286,577500.0
1100113534,1657500.0
1098709988,1277500.0
1099448120,1397500.0
1100051582,6475000.0
1100003758,820000.0
1071032499,945000.0
1099588946,2507500.0
1100013350,1225000.0
1096603492,11445000.0
1099257710,3090000.0
1099972916,1055000.0
1099413506,4250000.0
1098633064,462500.0
1092569818,562500.0
1100058386,490000.0
1098601642,1832500.0
1098575560,1110000.0
1100183238,3875000.0
1091532026,1522500.0
1099440478,1187500.0
1100125756,1790000.0
1095016764,2945000.0
1099930639,5750000.0
1099413360,2280000.0
1099503850,1287500.0
1099742576,632500.0
1099683160,1700000.0
1097993584,990000.0
1100147922,6130000.0
1097086556,930000.0
1100043740,392500.0
1099950198,8475000.0
1079099432,1727500.0
1100191768,562500.0
1097839242,595000.0
1100036314,1682500.0
1099952062,2270000.0
1100147378,392500.0
1100258712,4887500.0
1100236202,1572500.0
1094472968,572500.0
1095113956,1332500.0
1099509748,2960000.0
1099639126,1762500.0
1097727582,872500.0
1100091476,770000.0
1098474948,755000.0
1100140306,1800000.0
1094548978,365000.0
1099348372,1067500.0
1092823804,672500.0
1096838436,950000.0
1099343868,1427500.0
1100132110,1352500.0
1100044590,1375000.0
1099807146,2052500.0
1095797968,870000.0
1095564408,670000.0
1099081422,2230000.0
1099844288,457500.0
1100204912,1340000.0
1096180580,1530000.0
1099939664,1140000.0
1099525576,2007500.0
1097370130,1825000.0
1099952534,1460000.0
1099844630,2380000.0
1100044876,755000.0
1098750288,962500.0
1100081136,457500.0
1097877916,1572500.0
1098901418,1025000.0
1099815170,1050000.0
1099852592,2312500.0
1100010026,525000.0
1100205160,1582500.0
1097251812,3075000.0
1100136530,460000.0
1098629662,892500.0
1100157128,1022500.0
1096726328,980000.0
1098823464,677500.0
1100031984,2015000.0
1091374854,3490000.0
1095183024,612500.0
1099706540,1455000.0
1099787872,390000.0
1095471172,990000.0
1099839734,4000000.0
1099466484,857500.0
1099651162,652500.0
1099852656,1717500.0
1100233444,860000.0
1097456786,877500.0
1090591616,782500.0
1100235164,875000.0
1099469454,2110000.0
1098603362,430000.0
1098733762,1055000.0
1100048674,2097500.0
1100009652,4260000.0
1094239048,855000.0
1099964236,805000.0
1100193078,5842500.0
1098370262,1802500.0
1099126974,2245000.0
1096452366,5480000.0
1100018018,1412500.0
1100248206,3012500.0
1099980594,1277500.0
1099759590,922500.0
1088041546,1850000.0
1099990052,3427500.0
1099755750,467500.0
1096328398,845000.0
1099930417,557500.0
1096699100,2190000.0
1094054234,1442500.0
1075598379,1125000.0
1098011010,2182500.0
1100217072,2162500.0
1095493590,1140000.0
1099837072,635000.0
1100178188,1250000.0
1099602352,1305000.0
1096183138,2287500.0
1099322148,707500.0
1099914588,1895000.0
1100152678,2975000.0
1091361052,1040000.0
1096970342,1622500.0
1094119934,1117500.0
1100044718,1777500.0
1096060494,1915000.0
1099574052,927500.0
1099831002,527500.0
1099837116,492500.0
1100027052,3382500.0
1096599054,1265000.0
1099865228,1292500.0
1095060770,2665000.0
1099907244,1495000.0
1099176586,807500.0
1099988892,2945000.0
1099643236,527500.0
1090733080,1977500.0
1098770946,3980000.0
1099879370,2242500.0
1100238394,2410000.0
1095883220,490000.0
1099850046,407500.0
1099985602,1922500.0
1099833336,1292500.0
1099943798,960000.0
1097746312,2450000.0
1099204156,477500.0
1084457605,1265000.0
1096650962,1802500.0
1097907828,2542500.0
1094869308,422500.0
1099438020,9985000.0
1100263264,982500.0
1100018218,1537500.0
1097292860,925000.0
1099593028,2115000.0
1099445734,4242500.0
1099552276,1037500.0
1098601246,405000.0
35782220,387500.0
1098530414,835000.0
1100214312,467500.0
1099825836,830000.0
1099987414,1045000.0
1099534296,1887500.0
1099058776,4395000.0
1098996750,605000.0
1098986274,1407500.0
1095066024,3252500.0
1099664178,2097500.0
1100169504,1840000.0
1099843420,1390000.0
1100087720,5797500.0
1099737102,852500.0
1099902812,1575000.0
1100048356,1847500.0
1099115889,790000.0
1099544374,937500.0
1097402350,1395000.0
1097331694,665000.0
1095500116,1267500.0
1099966874,805000.0
1099207298,680000.0
1086869318,557500.0
1094300816,1492500.0
1090834616,562500.0
1086371664,2922500.0
1100135132,3437500.0
1100108456,1187500.0
1099843806,1335000.0
1100012586,442500.0
1099803846,380000.0
1098510202,415000.0
1099670302,3090000.0
1099970086,1242500.0
1089258286,5520000.0
1099650568,597500.0
1098088054,2445000.0
1093396970,4257500.0
1100103040,5760000.0
1098166108,940000.0
1098086832,900000.0
1100194940,1032500.0
1098309544,7547500.0
1097206296,1440000.0
1095236030,1410000.0
1099484752,1742500.0
1100061448,595000.0
1100207148,1345000.0
1100083890,1315000.0
1100126800,2267500.0
1098985836,2920000.0
1084515633,687500.0
1099893346,1652500.0
1095866698,1907500.0
1099945076,412500.0
1100037280,1500000.0
1083142112,687500.0
1100018166,2422500.0
1092745716,6172500.0
1100210370,1882500.0
1100151434,1680000.0
1087561872,555000.0
1100063080,1507500.0
1098328640,1980000.0
1100049014,1342500.0
1099804926,1030000.0
1089402264,812500.0
1100098300,4112500.0
1099974350,1837500.0
1098110156,2082500.0
1099967306,1432500.0
1100027108,8132500.0
1100037062,9387500.0
1100200418,3600000.0
1099790124,840000.0
1087258958,445000.0
1094740782,1092500.0
1100136436,1962500.0
1099459012,3130000.0
1096853278,1192500.0
1086871502,1220000.0
1100200056,1437500.0
1096571256,1485000.0
1098335700,892500.0
1100077694,2342500.0
1100145806,3825000.0
1100255688,1932500.0
1100089244,9660000.0
1095622366,2910000.0
1099910896,900000.0
1100209806,2185000.0
1095031518,955000.0
1100263426,1245000.0
1100214626,622500.0
1100235152,1082500.0
1099784540,1525000.0
1100127398,1017500.0
1100099274,1480000.0
1100186144,2957500.0
1098875506,1207500.0
1099009624,1030000.0
1100108446,5232500.0
1098039720,757500.0
1099777160,2002500.0
1095980598,507500.0
1099601806,495000.0
1099585676,867500.0
1094251932,912500.0
1098743736,2292500.0
1099822104,1077500.0
1097283878,1235000.0
1088488828,2797500.0
1099617426,1005000.0
1099812128,1522500.0
1100072020,1805000.0
1098720532,7115000.0
1099986400,822500.0
1092868126,1075000.0
1099502818,3880000.0
1095364342,1157500.0
1097873826,990000.0
1099969128,1435000.0
1099159914,1085000.0
1099608984,480000.0
1100001746,822500.0
1100068728,335000.0
1098859480,1505000.0
1099142784,8260000.0
1099507574,1335000.0
1099306032,2102500.0
1099058406,860000.0
1099294252,677500.0
1099647988,6010000.0
1100063922,1415000.0
1100113274,2460000.0
1099978360,1440000.0
1099424472,522500.0
1099340738,5137500.0
1095526024,417500.0
1099853730,2767500.0
1097492158,2895000.0
1099688310,2662500.0
1098748786,890000.0
1097033772,427500.0
1098603634,5087500.0
1100115568,3687500.0
1091085798,717500.0
1098313930,852500.0
1100230028,850000.0
1099915694,437500.0
1098990688,3000000.0
1099834864,4050000.0
1097118060,742500.0
1099779706,1037500.0
1094126362,1902500.0
1099926050,1167500.0
1099895820,2085000.0
1099566634,667500.0
1095177168,847500.0
1099852604,2130000.0
1100173550,3265000.0
1099587572,662500.0
1098450758,1120000.0
1098712936,1262500.0
1095698600,372500.0
1093354336,820000.0
1100062006,1202500.0
1093635570,1910000.0
1100128280,2110000.0
1097981486,3647500.0
1097393616,1412500.0
1099496476,1245000.0
1099244432,3222500.0
1093464814,517500.0
1100150974,737500.0
1096531550,1132500.0
1093080696,6352500.0
1099708462,492500.0
1079262890,782500.0
1099756052,1370000.0
1100155822,780000.0
1099758370,940000.0
1099854192,1865000.0
1100001050,605000.0
1100143634,1385000.0
1099619840,607500.0
1100071078,937500.0
1100005320,1790000.0
1081250298,797500.0
1100019114,5640000.0
1099754018,670000.0
1099879366,780000.0
1100072054,992500.0
1099358582,867500.0
1099733246,1127500.0
1097497426,1157500.0
1092685052,935000.0
1099533384,1352500.0
1098928812,885000.0
1100038162,1745000.0
1090904066,742500.0
1100062136,920000.0
1092222596,595000.0
1093987978,1232500.0
1099978722,475000.0
1099356118,670000.0
1100052756,1672500.0
1099767270,2047500.0
1099957560,2140000.0
1099927836,912500.0
1100029198,3690000.0
1099308936,1177500.0
1099918736,1950000.0
1100135480,5260000.0
1096008822,1785000.0
1090553526,1740000.0
1099815058,472500.0
1080465964,460000.0
1095523788,490000.0
1099665822,535000.0
1094909690,1637500.0
1098084766,495000.0
1089826118,962500.0
1098371270,3100000.0
1098140362,1835000.0
1086181444,655000.0
1095379748,1067500.0
1090510502,1702500.0
1100266526,900000.0
1100078576,950000.0
1098900090,490000.0
1098767312,650000.0
1099766750,995000.0
1099933239,1160000.0
1100157672,1397500.0
1095782676,717500.0
1096035984,590000.0
1098011562,865000.0
1100063072,1770000.0
1099575274,1727500.0
1098704900,1067500.0
1099611176,2730000.0
1100067622,4237500.0
1099043048,1842500.0
1078412133,712500.0
1099131568,750000.0
1097030290,2007500.0
1100240976,910000.0
1099073454,502500.0
1095504642,5912500.0
1091698772,1467500.0
1099735818,1047500.0
1100051576,6595000.0
1099003996,2472500.0
1059078902,705000.0
1098653074,602500.0
1100021862,600000.0
1099764288,2060000.0
1045501974,2107500.0
1099684408,500000.0
1099967530,1245000.0
1100189840,2010000.0
1099936735,2255000.0
1100172718,2002500.0
1099534428,720000.0
1099950844,2605000.0
1099891042,1837500.0
1092673526,1122500.0
1100150954,1625000.0
1099937780,902500.0
1099933195,930000.0
1092466306,450000.0
1098719248,3627500.0
1098520886,1685000.0
1096093170,1175000.0
1091854812,2407500.0
1099474936,3182500.0
1099987342,1972500.0
1099832382,5900000.0
1099636158,810000.0
1100178190,1125000.0
1100034738,2372500.0
1096694282,2575000.0
1089536090,3815000.0
1100077604,3662500.0
1097106610,2865000.0
1099983780,2527500.0
1098040088,710000.0
1098946936,2637500.0
1099328068,650000.0
1100040074,1880000.0
1100253480,4732500.0
1096073778,4340000.0
1100072576,697500.0
1100114440,3162500.0
1100107174,1105000.0
1100134442,5030000.0
1098713744,1337500.0
1099862334,1732500.0
1099386662,1922500.0
1098145402,620000.0
1093912348,1322500.0
1097128668,1132500.0
1099400100,1082500.0
1099054080,2595000.0
1099891478,460000.0
1090880520,540000.0
1097821970,922500.0
1100200032,1780000.0
1094963248,932500.0
1099211524,2630000.0
1097007514,942500.0
1087402046,1400000.0
1091760078,1982500.0
1100263172,3390000.0
1092549442,337500.0
1099370864,4250000.0
1099486318,2322500.0
1100206318,477500.0
1100116374,1275000.0
1098490924,505000.0
1099443808,1085000.0
1099280090,2132500.0
1100034642,730000.0
1099604502,2062500.0
1100126220,1750000.0
1098369032,3720000.0
1100152834,760000.0
1100005156,1902500.0
1099091928,550000.0
1099924120,1852500.0
1099397806,885000.0
1099900606,3840000.0
1100106476,1377500.0
1099978282,515000.0
1100156228,1672500.0
1091544918,1072500.0
1096803846,952500.0
1099548146,355000.0
1100027044,2192500.0
1097891308,2800000.0
1099447872,3322500.0
1097170014,945000.0
1099090936,637500.0
1093940376,1645000.0
1100125288,795000.0
1096544462,445000.0
1099567810,2455000.0
1099507326,410000.0
1099784092,1195000.0
1100058770,2807500.0
1099151998,1862500.0
1097904068,2900000.0
1096164556,1585000.0
1093962062,1050000.0
1099499242,1617500.0
1098045352,1595000.0
1100159684,3965000.0
1099663478,1112500.0
1099112433,490000.0
1095107948,947500.0
1100203756,1687500.0
1099539802,3440000.0
1099405066,1650000.0
1099380134,1125000.0
1091212200,890000.0
1100162942,530000.0
1099590448,945000.0
1100045588,3372500.0
1098967312,490000.0
1099960598,1100000.0
1098731592,832500.0
1099135206,532500.0
1085992596,680000.0
1099892440,2817500.0
1098763272,397500.0
1095306380,755000.0
1099940090,2330000.0
1083707391,1132500.0
1100026034,7167500.0
1098065418,532500.0
1098588200,1235000.0
1098530582,1425000.0
1097791398,2095000.0
1099537186,1537500.0
1099896474,1840000.0
1092741402,580000.0
1092426352,3257500.0
1099239786,1432500.0
1095952710,1227500.0
1099835020,1047500.0
1099970022,705000.0
1100129848,2372500.0
1096227314,1310000.0
1099860308,2782500.0
1100104448,812500.0
1098036398,817500.0
1100097018,3340000.0
1099109775,3767500.0
1100105838,542500.0
1099107581,2755000.0
1100132096,655000.0
1099372174,1447500.0
1099822428,465000.0
1099542002,3822500.0
1100098042,2637500.0
1099375888,1380000.0
1097743092,1962500.0
1095955238,467500.0
1085817032,1652500.0
1099852600,3070000.0
1099910226,1462500.0
1099591326,2390000.0
1100211818,4872500.0
1100187364,3982500.0
1100057740,5130000.0
1091358836,455000.0
1099546366,1805000.0
1091892100,2425000.0
1099119895,2962500.0
1098317630,2782500.0
1099908282,665000.0
1099852184,1502500.0
1099789852,5690000.0
1100268280,1257500.0
1099787962,1657500.0
1100099438,730000.0
1092779290,730000.0
1100154476,2030000.0
1100217254,1890000.0
1096483776,590000.0
1099439086,6402500.0
1095457336,1350000.0
1092704000,1525000.0
1054408750,1005000.0
1094337780,847500.0
1100049970,1175000.0
1099404474,1522500.0
1086388746,2275000.0
1099631146,6407500.0
1082847416,1172500.0
1100160272,635000.0
1099258718,945000.0
1097443468,4002500.0
1099986372,905000.0
1099528376,377500.0
1088559128,1775000.0
1100097020,6525000.0
1100035468,507500.0
1087244280,635000.0
1100245060,3095000.0
1100025400,615000.0
1092743558,7465000.0
1099915648,457500.0
1100019530,1135000.0
1096456938,1740000.0
1094464168,1462500.0
1099614212,3342500.0
1100079744,752500.0
1099828370,11822500.0
1093398004,1405000.0
1095606784,1125000.0
1100243118,675000.0
1100141480,2337500.0
1099899896,6450000.0
1099187694,3270000.0
1100063378,3177500.0
1099526906,2495000.0
1100271872,765000.0
1089617129,832500.0
1094495610,3410000.0
1096771796,745000.0
1099591368,1017500.0
1098865280,3005000.0
1100044128,5000000.0
1076222725,1550000.0
1099852670,2307500.0
1098943720,872500.0
1099882496,2840000.0
1100166318,1517500.0
1099643124,1827500.0
1095578958,2177500.0
1099350670,1707500.0
1100013836,2612500.0
1089834198,770000.0
1099614490,970000.0
1079353814,1372500.0
1100037262,5220000.0
1097855220,1092500.0
1088906014,677500.0
1099813534,1257500.0
1099720348,1377500.0
1099904748,3675000.0
1095907030,3120000.0
1099468838,2932500.0
1099982678,937500.0
1095903510,1975000.0
1099812026,1015000.0
1100203840,1395000.0
1091868084,1190000.0
1099413718,847500.0
1099084148,487500.0
1099843366,2662500.0
1099543128,507500.0
1100244096,677500.0
1098745800,667500.0
1100072322,877500.0
1099676632,1112500.0
1099830702,855000.0
1099953656,4392500.0
1100079474,987500.0
1099867668,1622500.0
1094974972,3377500.0
1100213116,2357500.0
1099707826,1377500.0
1093648738,682500.0
1100171602,657500.0
1100029090,465000.0
1100242668,1425000.0
1098557232,1447500.0
1095477274,1175000.0
1100041266,3105000.0
1100027512,1207500.0
1099774600,3237500.0
1100044574,685000.0
1099896008,1007500.0
1099744762,1222500.0
1099006106,1270000.0
1095721360,377500.0
1098767222,1352500.0
1099255274,695000.0
1098292442,517500.0
1100145944,5302500.0
1099283574,877500.0
1098417138,717500.0
1099043708,3392500.0
1100207150,940000.0
1098844598,790000.0
1098157914,1170000.0
1098701100,775000.0
1099922124,5090000.0
1093310034,847500.0
1100114666,937500.0
1082153178,502500.0
1098057424,2905000.0
1100211088,1355000.0
1100048796,715000.0
1071038739,445000.0
1085572858,4407500.0
1099061012,302500.0
1100178656,1562500.0
1099489466,2067500.0
1093183226,2970000.0
1089693851,537500.0
1090617210,1002500.0
1094224928,445000.0
1098712038,775000.0
1099586968,432500.0
1099961910,1007500.0
1098610460,917500.0
1098473264,3885000.0
1097532245,567500.0
1099563480,1437500.0
1100195538,1105000.0
1099147530,1077500.0
1096403830,422500.0
1098892738,2657500.0
1099913356,1017500.0
1092164912,1345000.0
1099107193,3365000.0
1090500020,547500.0
1099656058,450000.0
1098639202,1110000.0
1080697002,1265000.0
1099587376,905000.0
1099995740,1185000.0
1098041238,3102500.0
1090175842,6725000.0
1100121420,455000.0
1100017866,1217500.0
1100154434,6475000.0
1091762822,1500000.0
1099299252,1065000.0
1099904636,5472500.0
1100164272,1077500.0
1098200878,2017500.0
1098396382,8610000.0
1086706866,997500.0
1099221650,432500.0
1099799932,742500.0
1100231308,1657500.0
1099585946,4470000.0
1096577870,580000.0
1099779644,1667500.0
1099609432,1082500.0
1097039142,940000.0
1097091198,455000.0
1092547634,4005000.0
1100145014,1260000.0
1100160134,2290000.0
1100098848,2135000.0
1091928714,1262500.0
1099148786,680000.0
1099097060,1412500.0
1095983126,3032500.0
1098936146,477500.0
1067066580,1607500.0
1099766180,2682500.0
1099176598,6817500.0
1098793974,2490000.0
1099775670,1850000.0
1092877664,6345000.0
1099435584,2600000.0
1093456186,965000.0
1078023649,1252500.0
1099528916,1527500.0
1099792016,675000.0
1100054366,787500.0
1098850312,427500.0
1100218540,2687500.0
1093430702,492500.0
1100192600,1092500.0
1100072854,882500.0
1100156774,1117500.0
1097218460,572500.0
1091929956,397500.0
1096723732,3767500.0
1099461158,2802500.0
1093394566,807500.0
1097836268,977500.0
1100115746,1022500.0
1100108452,1772500.0
1098187844,3450000.0
1099852692,1552500.0
1093883744,3750000.0
1099427282,1122500.0
1098529834,530000.0
1098809050,1162500.0
1099867454,1005000.0
1099732480,515000.0
1092865406,900000.0
1095587384,1850000.0
1096548086,4792500.0
1099994292,3510000.0
1098204026,2032500.0
1100087796,4177500.0
1096177412,900000.0
1099576314,3507500.0
1099543510,1007500.0
1099149264,1177500.0
1098429728,397500.0
1100187562,1355000.0
1100228074,495000.0
1082190908,2242500.0
1098126592,1352500.0
1100048826,1252500.0
1097332482,1225000.0
1076274107,1530000.0
1099071930,587500.0
1092871122,812500.0
1099357334,1830000.0
1099739464,437500.0
1099425154,9030000.0
1086623094,635000.0
1097254204,1255000.0
1098763758,2190000.0
1099650956,5350000.0
1089094746,1800000.0
1098836008,1767500.0
1100171364,5672500.0
1097142086,2820000.0
1100130288,827500.0
1099858584,455000.0
1100156210,1655000.0
1099903156,317500.0
1100020436,3212500.0
1099416678,712500.0
1098701042,2995000.0
1100144960,957500.0
1098692012,1065000.0
1098920684,3742500.0
1090386784,842500.0
1100237846,727500.0
1099165678,1335000.0
1098107738,2145000.0
1096670164,1450000.0
1096994400,577500.0
1100094060,835000.0
1099680824,1250000.0
1046214250,1362500.0
1092261772,817500.0
1099886740,410000.0
1097927764,452500.0
1096234462,3772500.0
1100062382,965000.0
1099605858,462500.0
1100126026,1772500.0
1099838222,4205000.0
1099370744,1772500.0
1100233090,1322500.0
1100152446,647500.0
1096403444,1187500.0
1092570212,1555000.0
1100154288,3292500.0
1099699464,1165000.0
1099252988,530000.0
1099284116,752500.0
1100166402,1077500.0
1100050906,1127500.0
1099868290,1107500.0
1099815930,2877500.0
1100156630,650000.0
1100173814,1605000.0
1095895688,2380000.0
1098566806,350000.0
1099801106,1035000.0
1071187919,1875000.0
1100272284,2340000.0
1099300028,992500.0
1099560188,1135000.0
1100119464,705000.0
1099125661,1625000.0
1096773722,502500.0
1099223998,4032500.0
1096824448,950000.0
1100084856,4710000.0
1100030628,2080000.0
1099277554,3002500.0
1099646504,395000.0
1098943958,6557500.0
1095213998,620000.0
1099787326,2350000.0
1055377882,677500.0
1099765912,3555000.0
1096213632,1367500.0
1095473700,2110000.0
1096583046,1545000.0
1100132522,1845000.0
1100142258,1227500.0
1099731368,420000.0
1099314508,1160000.0
1099899858,1575000.0
1098992224,1007500.0
1100144882,1747500.0
1096561466,987500.0
1100019208,1857500.0
1098892184,935000.0
1098919300,872500.0
1097463352,680000.0
1100084988,1742500.0
1099870356,1695000.0
1098446326,1635000.0
1094314936,1490000.0
1093124972,1032500.0
1098690892,5085000.0
1077389913,1467500.0
1099093120,450000.0
1099054212,847500.0
1096642694,1302500.0
1098545424,982500.0
1100041428,1427500.0
1098616538,2995000.0
1099595932,950000.0
1099040842,485000.0
1092527560,1197500.0
1099567388,1062500.0
1100221260,3157500.0
1097987126,682500.0
1098191996,750000.0
1095936164,1067500.0
1099730754,502500.0
1079598054,385000.0
1099392124,9520000.0
1100182914,2180000.0
1099867446,430000.0
1069003480,3007500.0
1100055360,1447500.0
1100024156,1412500.0
1099520102,970000.0
1097955062,6687500.0
1100027666,495000.0
1100124010,1810000.0
1100143146,410000.0
1099081882,795000.0
1098604634,615000.0
1073072492,842500.0
1100026416,3887500.0
1100123134,1710000.0
1093167638,892500.0
1100272892,2085000.0
1095848478,1050000.0
1099466882,2392500.0
1095578076,3067500.0
1098973478,1925000.0
1099787214,6237500.0
1092545992,2355000.0
1090945452,1097500.0
1096541216,1507500.0
1099427014,2987500.0
1082550100,1680000.0
1098860850,6157500.0
1096197958,427500.0
1099997674,2432500.0
1092597366,897500.0
1099329506,897500.0
1099776878,1770000.0
1096981144,1770000.0
1098346654,3367500.0
1097100778,532500.0
1095354528,937500.0
1093580504,897500.0
1099703496,502500.0
1100048680,1197500.0
1098441760,1382500.0
1098928724,715000.0
1093366320,560000.0
1100217310,672500.0
1099223866,525000.0
1099864474,852500.0
1099044552,2265000.0
1096865502,982500.0
1098620498,1705000.0
1099960214,1782500.0
1095470774,1560000.0
1097007548,1497500.0
1098561242,465000.0
1099162474,545000.0
1100211722,1135000.0
1099130900,1095000.0
1100100416,1530000.0
1099720518,3407500.0
1079049202,697500.0
1097885942,1197500.0
1100099560,3627500.0
1099718932,2347500.0
1100246102,972500.0
1096862184,1027500.0
1099188116,3587500.0
1082541234,780000.0
1085775936,365000.0
1100188786,1007500.0
1100272816,582500.0
1099731110,1130000.0
1095327198,380000.0
1100104638,1090000.0
1097230080,895000.0
1099530596,2025000.0
1099853676,887500.0
1098838144,1307500.0
1099999572,1452500.0
1100198916,3997500.0
1100160892,347500.0
1098313592,517500.0
1100088474,2375000.0
1098602808,657500.0
1099417610,770000.0
1099521370,370000.0
1094125700,890000.0
1087133539,812500.0
1100067160,1745000.0
1087417490,345000.0
1099488850,1270000.0
1099766138,620000.0
1099957968,450000.0
1096938618,2712500.0
1087158371,1817500.0
1098852646,3482500.0
1100070628,1102500.0
1096253210,620000.0
1099528006,2007500.0
1098947524,1575000.0
1099852634,1737500.0
1095171892,1822500.0
1100139418,4657500.0
1096927266,697500.0
1099949514,705000.0
1078110773,490000.0
1099877130,2345000.0
1098686574,372500.0
1066576826,302500.0
1099934553,1642500.0
1100192142,797500.0
1100099566,2557500.0
1099456550,2507500.0
1099993332,1980000.0
1099122733,980000.0
1099879598,1737500.0
1100056608,1457500.0
1091754398,607500.0
1100100308,720000.0
1093532236,862500.0
1100202894,1592500.0
1080178040,1025000.0
1100021894,1582500.0
1100209988,1702500.0
1099877858,915000.0
1099701086,4597500.0
1099601658,2957500.0
1093439122,695000.0
1095933244,777500.0
1096875228,1100000.0
1099587996,1207500.0
1099586030,1610000.0
1100064950,1242500.0
1100255524,410000.0
1098209372,502500.0
1096467230,652500.0
1100139696,840000.0
1100258424,5900000.0
1100123538,2682500.0
1095022482,1147500.0
1099527876,1240000.0
1098562588,3377500.0
1094248032,927500.0
1100216824,485000.0
1100154436,6300000.0
1086951271,945000.0
1096047944,1287500.0
1100062282,545000.0
1093260302,1702500.0
1096996814,672500.0
1098857946,367500.0
1095600350,615000.0
1089609633,1202500.0
1099814576,4097500.0
1095644580,595000.0
1094472300,922500.0
1092424406,902500.0
1099289386,2265000.0
1100134416,792500.0
1098170916,840000.0
1100090482,485000.0
1096925720,362500.0
1100121144,1160000.0
1083518348,672500.0
1095955492,1035000.0
1100009404,1412500.0
1099284102,2045000.0
1098031392,522500.0
1099531598,2565000.0
1090658786,377500.0
1099605482,2400000.0
1098874546,5740000.0
1067564480,502500.0
1099893352,2612500.0
1100260544,1020000.0
1099837500,1210000.0
1097948138,482500.0
1099112307,635000.0
1099368858,1220000.0
1099945012,2347500.0
1099556092,350000.0
1094514958,1580000.0
1097385424,1297500.0
1094094006,4095000.0
1100196274,587500.0
1093777432,1770000.0
1095290864,390000.0
1099851100,2807500.0
1098694792,917500.0
1093877898,817500.0
1100254166,1887500.0
1098887454,1677500.0
1099058974,4340000.0
1093630826,4877500.0
1091299204,1102500.0
1099439112,927500.0
1099873652,1585000.0
1086458686,1537500.0
1094483334,1285000.0
1100127316,1140000.0
1096502804,1130000.0
1100167886,3752500.0
1097746520,920000.0
1092481388,1007500.0
1098982938,3142500.0
1099998428,2452500.0
1099677514,1572500.0
1099796608,7815000.0
1096612346,510000.0
1099858660,442500.0
1099082698,1717500.0
1098751538,827500.0
1099480606,665000.0
1100158960,927500.0
1093203950,605000.0
1095363210,820000.0
1083205428,2285000.0
1098923168,1087500.0
1098272206,1157500.0
1098631206,5945000.0
1099952276,1730000.0
1084925114,1055000.0
1083237408,3137500.0
1098611746,2010000.0
1099115113,1345000.0
1099062676,920000.0
1099904322,3637500.0
1100019990,3220000.0
1099720966,2395000.0
1099510894,1522500.0
1082895332,1252500.0
1096933280,1510000.0
1100016784,4640000.0
1099722612,1207500.0
1096277217,2782500.0
1099845758,2927500.0
1099131708,930000.0
1099744946,882500.0
1098899068,805000.0
1099193320,962500.0
1093167974,760000.0
1088961060,715000.0
1099502730,1775000.0
1095930088,1012500.0
1088514544,837500.0
1098717628,1910000.0
1095694052,1287500.0
1100246092,1070000.0
1099974804,802500.0
1097473366,687500.0
1096770184,2695000.0
1099983842,1180000.0
1099536276,7612500.0
1096973152,1785000.0
1094179380,972500.0
1090603698,6622500.0
1097140568,1105000.0
1099719544,3665000.0
1093849328,1342500.0
1098971888,1372500.0
1099702820,630000.0
1099894466,535000.0
1094157460,397500.0
1099848266,1037500.0
1094650284,1260000.0
1099664534,1622500.0
1100115424,807500.0
1096268046,4182500.0
1097961242,692500.0
1100019204,1895000.0
1091053906,1372500.0
1076662420,957500.0
1099868498,1237500.0
1099334920,1900000.0
1099084612,4715000.0
1094976004,2830000.0
1099081154,1437500.0
1094601658,1490000.0
1076254805,797500.0
1099814666,627500.0
1100114244,3757500.0
1094330538,952500.0
1100011600,3445000.0
1100161174,942500.0
1099250206,4920000.0
1099815774,3280000.0
1099821446,5035000.0
1094210384,10130000.0
1095513458,550000.0
1099771130,1480000.0
1094618712,3340000.0
1097102642,555000.0
1095751956,742500.0
1097035470,460000.0
1097304904,1815000.0
1099156710,672500.0
1099072174,510000.0
1099161838,1865000.0
1099346462,995000.0
1099832890,655000.0
1100262718,10285000.0
1096536592,3335000.0
1097253758,462500.0
1099346944,807500.0
1100064010,1412500.0
1099340558,1127500.0
1100204728,755000.0
1099971558,952500.0
1100146022,2077500.0
1098761716,325000.0
1100125238,1322500.0
1097429930,455000.0
1086808682,635000.0
1099991824,3835000.0
1095519168,1135000.0
1099895830,1272500.0
1100062956,1982500.0
1099793426,3022500.0
1100200044,1822500.0
1099992028,620000.0
1099369204,1270000.0
1099948914,5120000.0
1097123534,887500.0
1100177718,1037500.0
1098941976,3440000.0
1100175592,2935000.0
1074592553,995000.0
1099940420,1217500.0
1098371970,1150000.0
1100155258,480000.0
1100154662,1770000.0
1098840746,1067500.0
1099945242,1212500.0
1099440728,1505000.0
1099071564,1310000.0
1099921538,540000.0
1097936442,715000.0
1100136842,6107500.0
1098862906,6930000.0
1100122742,750000.0
1096273501,1462500.0
1096768852,2665000.0
1099599146,5280000.0
1099626220,332500.0
1099171482,1472500.0
1100170466,4090000.0
1092562058,720000.0
1097187776,857500.0
1099959044,717500.0
1097926608,477500.0
1098889636,1077500.0
1086107692,790000.0
1096185300,870000.0
1097050908,482500.0
1094902200,1145000.0
1096755404,962500.0
1086926749,635000.0
1094606836,1805000.0
1096072470,477500.0
1099646036,897500.0
1099901934,3245000.0
1100095036,4945000.0
1094730630,1130000.0
1098936942,1945000.0
1095172218,1137500.0
1100010322,1955000.0
1099934669,992500.0
1098708426,7130000.0
1098749692,1867500.0
1099414488,1035000.0
1099277058,2545000.0
1098773964,1495000.0
1098835932,1075000.0
1099834690,1052500.0
